id,name,YoB,email
1,Sibelle,2007,swickens0@prweb.com
2,Sherilyn,2004,sweber1@pbs.org
3,Lucina,2012,letock2@etsy.com
4,Maryjo,1986,mgores3@flickr.com
5,Olenka,2009,ocolquyte4@aboutads.info
6,Rock,2008,rcastanie5@diigo.com
7,Costa,2003,cmourant6@dot.gov
8,Trefor,2008,tdablin7@symantec.com
9,Consuela,2009,cpilch8@amazon.co.jp
10,Reggie,1987,rstebbin9@infoseek.co.jp
11,Immanuel,2007,idimocka@tripod.com
12,Fletcher,2002,fmeenanb@discovery.com
13,Randene,2001,rroggieric@wufoo.com
14,Tailor,1994,thamlettd@google.com
15,Giacinta,1992,gpapae@tmall.com
16,Stan,2008,sbrolanf@51.la
17,Anatol,2009,alaurandg@123-reg.co.uk
18,Tierney,2010,ttwohigh@mayoclinic.com
19,Andros,1984,ahightowni@technorati.com
20,Hamel,1999,hlambdonj@cbslocal.com
21,Merrel,2009,mhalsworthk@cisco.com
22,Barnaby,2002,bwybornl@lycos.com
23,Kirbee,2002,kchasterm@t-online.de
24,Bradford,2008,bdegiorgisn@yahoo.co.jp
25,Angie,1991,alahyo@issuu.com
26,Antonin,2000,aransonp@edublogs.org
27,Kate,1997,kmazdonq@marriott.com
28,Elihu,1995,egaytorr@livejournal.com
29,Danya,1998,dkearys@cbsnews.com
30,Steve,1989,smarsht@constantcontact.com
31,Homere,1995,hagneyu@topsy.com
32,Ulrika,1992,upetricv@reverbnation.com
33,Kakalina,1997,kmcquillinw@php.net
34,Merline,2007,mboynesx@census.gov
35,Audry,2012,acolbecky@myspace.com
36,Stoddard,2012,sattowz@mit.edu
37,Zulema,1988,zoakland10@edublogs.org
38,Petra,2005,placroix11@addtoany.com
39,Rose,1996,rmetcalfe12@smh.com.au
40,Carmita,1993,cklimkovich13@tamu.edu
41,Robb,1986,rhardwick14@ihg.com
42,Jerry,2005,jlordon15@latimes.com
43,Janifer,2012,jwinterton16@scientificamerican.com
44,Sharleen,2012,sparrott17@comsenz.com
45,Milka,2008,mmacoun18@ocn.ne.jp
46,Elna,1997,esisson19@omniture.com
47,Elvera,2005,eblakeston1a@ucoz.com
48,Sari,2010,sbispham1b@example.com
49,Arnoldo,2007,acafe1c@mashable.com
50,Pia,2000,ptouson1d@webeden.co.uk
51,Dirk,1998,dlangan1e@oracle.com
52,Cletis,1990,csoden1f@sun.com
53,Norina,1997,ncarn1g@chicagotribune.com
54,Dedie,2005,dmccrostie1h@ed.gov
55,Jon,2001,jrobbeke1i@bbb.org
56,Deana,2003,dartiss1j@huffingtonpost.com
57,Olivie,1999,ogoodrich1k@alibaba.com
58,Benedicta,1994,bmurfin1l@unc.edu
59,Shaine,2009,sping1m@hatena.ne.jp
60,Karia,2001,kbritten1n@zdnet.com
61,Tonya,2012,tupfold1o@narod.ru
62,Lonna,1986,lphillcock1p@twitter.com
63,Mireille,2003,mnannini1q@netscape.com
64,Gaile,1986,gkording1r@miitbeian.gov.cn
65,Lorna,2006,llyle1s@auda.org.au
66,Nicolai,2000,nbrownill1t@accuweather.com
67,Ralph,2007,rchristofle1u@mac.com
68,Lavinie,2010,lmckeown1v@webeden.co.uk
69,Thedric,2010,tluggar1w@army.mil
70,Augustine,2007,ablackly1x@wikia.com
71,Gerik,2002,gbyars1y@ftc.gov
72,Mikaela,1998,mprier1z@oracle.com
73,Leeland,2008,leverex20@narod.ru
74,Jodi,2005,jslade21@google.fr
75,Gerladina,1994,gstarsmeare22@baidu.com
76,Irving,2009,ihowell23@chronoengine.com
77,Dionis,2000,dfeary24@mail.ru
78,Kassandra,2010,kqueripel25@fotki.com
79,Arron,1993,amcshea26@ustream.tv
80,Marley,1996,mruppelin27@constantcontact.com
81,Gustav,1999,gjellard28@google.com.hk
82,Dyane,2005,ddevil29@is.gd
83,Eileen,1986,etratton2a@photobucket.com
84,Emmy,2012,ekynsey2b@npr.org
85,Domeniga,2006,dhoundesome2c@discuz.net
86,Ilse,2010,ireinbach2d@1688.com
87,Misti,2002,mgoor2e@goo.ne.jp
88,Bo,2000,brodolf2f@xinhuanet.com
89,Sonia,1994,sashwood2g@utexas.edu
90,Felecia,2007,fattenbrough2h@artisteer.com
91,Laverne,2001,lleys2i@desdev.cn
92,Tracie,2012,tulyatt2j@google.com
93,Eugenia,1990,erenhard2k@china.com.cn
94,Boyce,2005,berb2l@yelp.com
95,Em,2006,emoniker2m@wiley.com
96,Esteban,2011,eply2n@pbs.org
97,Leela,1976,ldomerque2o@chronoengine.com
98,Frederic,1998,fmorgue2p@technorati.com
99,Kamila,1986,kgosling2q@independent.co.uk
100,Emiline,2007,epavy2r@amazon.co.uk
